'Elapsed time','ECG'
'seconds','mV'
490.000,-0.780
490.004,-0.730
490.008,-0.660
490.012,-0.615
490.016,-0.605
490.020,-0.580
490.024,-0.530
490.028,-0.505
490.032,-0.510
490.036,-0.510
490.040,-0.465
490.044,-0.415
490.048,-0.385
490.052,-0.340
490.056,-0.235
490.060,-0.125
490.064,-0.050
490.068,-0.020
490.072,0.055
490.076,0.115
490.080,0.135
490.084,0.125
490.088,0.155
490.092,0.155
490.096,0.135
490.100,0.135
490.104,0.200
490.108,0.295
490.112,0.370
490.116,0.365
490.120,0.385
490.124,0.370
490.128,0.315
490.132,0.230
490.136,0.120
490.140,-0.020
490.144,-0.170
490.148,-0.350
490.152,-0.550
490.156,-0.665
490.160,-0.730
490.164,-0.775
490.168,-0.810
490.172,-0.800
490.176,-0.775
490.180,-0.755
490.184,-0.705
490.188,-0.610
490.192,-0.520
490.196,-0.480
490.200,-0.460
490.204,-0.385
490.208,-0.305
490.212,-0.250
490.216,-0.230
490.220,-0.175
490.224,-0.080
490.228,-0.020
490.232,0.035
490.236,0.090
490.240,0.175
490.244,0.205
490.248,0.200
490.252,0.195
490.256,0.220
490.260,0.235
490.264,0.220
490.268,0.195
490.272,0.210
490.276,0.235
490.280,0.225
490.284,0.185
490.288,0.195
490.292,0.210
490.296,0.195
490.300,0.165
490.304,0.180
490.308,0.190
490.312,0.180
490.316,0.140
490.320,0.140
490.324,0.150
490.328,0.135
490.332,0.085
490.336,0.060
490.340,0.065
490.344,0.055
490.348,0.020
490.352,-0.020
490.356,0.005
490.360,0.010
490.364,-0.020
490.368,-0.040
490.372,0.010
490.376,0.085
490.380,0.155
490.384,0.215
490.388,0.300
490.392,0.385
490.396,0.420
490.400,0.420
490.404,0.480
490.408,0.500
490.412,0.490
490.416,0.485
490.420,0.500
490.424,0.540
490.428,0.560
490.432,0.515
490.436,0.485
490.440,0.475
490.444,0.440
490.448,0.395
490.452,0.310
490.456,0.210
490.460,0.075
490.464,-0.070
490.468,-0.175
490.472,-0.170
490.476,-0.145
490.480,-0.120
490.484,-0.150
490.488,-0.180
490.492,-0.190
490.496,-0.180
490.500,-0.180
490.504,-0.125
490.508,-0.080
490.512,-0.080
490.516,-0.145
490.520,-0.160
490.524,-0.160
490.528,-0.185
490.532,-0.235
490.536,-0.295
490.540,-0.345
490.544,-0.415
490.548,-0.500
490.552,-0.555
490.556,-0.555
490.560,-0.565
490.564,-0.600
490.568,-0.640
490.572,-0.640
490.576,-0.630
490.580,-0.655
490.584,-0.685
490.588,-0.685
490.592,-0.670
490.596,-0.690
490.600,-0.725
490.604,-0.700
490.608,-0.665
490.612,-0.655
490.616,-0.675
490.620,-0.670
490.624,-0.640
490.628,-0.635
490.632,-0.650
490.636,-0.640
490.640,-0.610
490.644,-0.600
490.648,-0.620
490.652,-0.620
490.656,-0.590
490.660,-0.560
490.664,-0.550
490.668,-0.545
490.672,-0.475
490.676,-0.410
490.680,-0.360
490.684,-0.305
490.688,-0.215
490.692,-0.150
490.696,-0.130
490.700,-0.155
490.704,-0.125
490.708,-0.085
490.712,-0.085
490.716,-0.135
490.720,-0.150
490.724,-0.125
490.728,-0.095
490.732,-0.115
490.736,-0.120
490.740,-0.060
490.744,0.005
490.748,0.005
490.752,0.010
490.756,0.030
490.760,0.000
490.764,-0.065
490.768,-0.105
490.772,-0.170
490.776,-0.285
490.780,-0.440
490.784,-0.595
490.788,-0.635
490.792,-0.630
490.796,-0.620
490.800,-0.630
490.804,-0.615
490.808,-0.590
490.812,-0.585
490.816,-0.585
490.820,-0.555
490.824,-0.525
490.828,-0.520
490.832,-0.525
490.836,-0.525
490.840,-0.495
490.844,-0.485
490.848,-0.490
490.852,-0.500
490.856,-0.480
490.860,-0.480
490.864,-0.490
490.868,-0.510
490.872,-0.490
490.876,-0.480
490.880,-0.500
490.884,-0.525
490.888,-0.505
490.892,-0.490
490.896,-0.490
490.900,-0.515
490.904,-0.490
490.908,-0.465
490.912,-0.460
490.916,-0.490
490.920,-0.485
490.924,-0.460
490.928,-0.460
490.932,-0.490
490.936,-0.485
490.940,-0.460
490.944,-0.455
490.948,-0.475
490.952,-0.485
490.956,-0.470
490.960,-0.450
490.964,-0.465
490.968,-0.480
490.972,-0.455
490.976,-0.440
490.980,-0.445
490.984,-0.465
490.988,-0.440
490.992,-0.395
490.996,-0.370
491.000,-0.360
491.004,-0.305
491.008,-0.245
491.012,-0.195
491.016,-0.165
491.020,-0.115
491.024,-0.035
491.028,0.005
491.032,0.020
491.036,0.100
491.040,0.215
491.044,0.285
491.048,0.300
491.052,0.255
491.056,0.215
491.060,0.205
491.064,0.175
491.068,0.125
491.072,0.125
491.076,0.095
491.080,0.060
491.084,0.030
491.088,0.050
491.092,0.090
491.096,0.095
491.100,0.005
491.104,-0.100
491.108,-0.145
491.112,-0.185
491.116,-0.250
491.120,-0.290
491.124,-0.320
491.128,-0.385
491.132,-0.445
491.136,-0.450
491.140,-0.430
491.144,-0.435
491.148,-0.450
491.152,-0.440
491.156,-0.400
491.160,-0.390
491.164,-0.405
491.168,-0.420
491.172,-0.385
491.176,-0.370
491.180,-0.380
491.184,-0.395
491.188,-0.370
491.192,-0.350
491.196,-0.370
491.200,-0.410
491.204,-0.405
491.208,-0.390
491.212,-0.410
491.216,-0.440
491.220,-0.430
491.224,-0.400
491.228,-0.405
491.232,-0.435
491.236,-0.435
491.240,-0.410
491.244,-0.400
491.248,-0.405
491.252,-0.415
491.256,-0.380
491.260,-0.365
491.264,-0.370
491.268,-0.395
491.272,-0.370
491.276,-0.355
491.280,-0.355
491.284,-0.380
491.288,-0.360
491.292,-0.345
491.296,-0.355
491.300,-0.385
491.304,-0.370
491.308,-0.345
491.312,-0.355
491.316,-0.385
491.320,-0.370
491.324,-0.340
491.328,-0.330
491.332,-0.350
491.336,-0.340
491.340,-0.300
491.344,-0.270
491.348,-0.270
491.352,-0.270
491.356,-0.240
491.360,-0.200
491.364,-0.170
491.368,-0.145
491.372,-0.060
491.376,0.020
491.380,0.070
491.384,0.135
491.388,0.245
491.392,0.355
491.396,0.465
491.400,0.550
491.404,0.675
491.408,0.815
491.412,0.880
491.416,0.865
491.420,0.860
491.424,0.830
491.428,0.770
491.432,0.750
491.436,0.735
491.440,0.660
491.444,0.515
491.448,0.330
491.452,0.065
491.456,-0.200
491.460,-0.470
491.464,-0.770
491.468,-0.965
491.472,-0.960
491.476,-0.790
491.480,-0.605
491.484,-0.490
491.488,-0.400
491.492,-0.365
491.496,-0.370
491.500,-0.410
491.504,-0.400
491.508,-0.400
491.512,-0.415
491.516,-0.435
491.520,-0.390
491.524,-0.340
491.528,-0.320
491.532,-0.315
491.536,-0.290
491.540,-0.225
491.544,-0.160
491.548,-0.150
491.552,-0.160
491.556,-0.160
491.560,-0.185
491.564,-0.235
491.568,-0.260
491.572,-0.240
491.576,-0.225
491.580,-0.240
491.584,-0.260
491.588,-0.230
491.592,-0.195
491.596,-0.195
491.600,-0.210
491.604,-0.185
491.608,-0.145
491.612,-0.140
491.616,-0.170
491.620,-0.150
491.624,-0.125
491.628,-0.120
491.632,-0.135
491.636,-0.135
491.640,-0.115
491.644,-0.115
491.648,-0.145
491.652,-0.150
491.656,-0.120
491.660,-0.110
491.664,-0.120
491.668,-0.135
491.672,-0.115
491.676,-0.100
491.680,-0.115
491.684,-0.140
491.688,-0.110
491.692,-0.085
491.696,-0.095
491.700,-0.120
491.704,-0.105
491.708,-0.080
491.712,-0.080
491.716,-0.110
491.720,-0.090
491.724,-0.060
491.728,-0.050
491.732,-0.070
491.736,-0.065
491.740,-0.040
491.744,-0.030
491.748,-0.045
491.752,-0.055
491.756,-0.030
491.760,0.000
491.764,-0.020
491.768,-0.040
491.772,-0.020
491.776,0.005
491.780,0.000
491.784,-0.030
491.788,0.000
491.792,0.025
491.796,0.015
491.800,0.000
491.804,0.010
491.808,0.030
491.812,0.015
491.816,-0.025
491.820,-0.025
491.824,0.015
491.828,0.010
491.832,-0.025
491.836,-0.025
491.840,0.015
491.844,0.015
491.848,0.005
491.852,-0.025
491.856,0.005
491.860,0.015
491.864,0.000
491.868,-0.030
491.872,0.005
491.876,0.020
491.880,0.005
491.884,-0.025
491.888,0.005
491.892,0.015
491.896,0.005
491.900,-0.035
491.904,0.000
491.908,0.025
491.912,0.020
491.916,-0.025
491.920,-0.020
491.924,0.010
491.928,0.010
491.932,-0.020
491.936,0.000
491.940,0.020
491.944,0.025
491.948,0.005
491.952,0.000
491.956,0.020
491.960,0.030
491.964,0.015
491.968,-0.015
491.972,0.015
491.976,0.035
491.980,0.025
491.984,-0.015
491.988,0.015
491.992,0.030
491.996,0.020
492.000,0.000
492.004,0.015
492.008,0.035
492.012,0.035
492.016,0.010
492.020,0.015
492.024,0.045
492.028,0.040
492.032,0.015
492.036,0.015
492.040,0.035
492.044,0.040
492.048,0.030
492.052,0.015
492.056,0.035
492.060,0.045
492.064,0.035
492.068,0.010
492.072,0.020
492.076,0.025
492.080,0.015
492.084,-0.025
492.088,0.010
492.092,0.015
492.096,0.000
492.100,-0.030
492.104,0.000
492.108,0.000
492.112,-0.020
492.116,-0.025
492.120,0.080
492.124,0.230
492.128,0.370
492.132,0.495
492.136,0.670
492.140,0.860
492.144,1.005
492.148,1.130
492.152,1.260
492.156,1.400
492.160,1.510
492.164,1.545
492.168,1.570
492.172,1.620
492.176,1.620
492.180,1.545
492.184,1.420
492.188,1.375
492.192,1.345
492.196,1.300
492.200,1.245
492.204,1.205
492.208,1.195
492.212,1.115
492.216,1.015
492.220,0.960
492.224,0.940
492.228,0.935
492.232,0.945
492.236,0.900
492.240,0.830
492.244,0.755
492.248,0.645
492.252,0.520
492.256,0.395
492.260,0.275
492.264,0.140
492.268,0.020
492.272,-0.055
492.276,-0.110
492.280,-0.165
492.284,-0.225
492.288,-0.220
492.292,-0.210
492.296,-0.230
492.300,-0.265
492.304,-0.250
492.308,-0.235
492.312,-0.245
492.316,-0.290
492.320,-0.290
492.324,-0.275
492.328,-0.285
492.332,-0.330
492.336,-0.335
492.340,-0.320
492.344,-0.330
492.348,-0.360
492.352,-0.365
492.356,-0.345
492.360,-0.335
492.364,-0.355
492.368,-0.375
492.372,-0.355
492.376,-0.340
492.380,-0.350
492.384,-0.365
492.388,-0.350
492.392,-0.320
492.396,-0.320
492.400,-0.345
492.404,-0.325
492.408,-0.290
492.412,-0.295
492.416,-0.315
492.420,-0.295
492.424,-0.270
492.428,-0.270
492.432,-0.290
492.436,-0.290
492.440,-0.270
492.444,-0.275
492.448,-0.295
492.452,-0.320
492.456,-0.310
492.460,-0.305
492.464,-0.320
492.468,-0.355
492.472,-0.345
492.476,-0.350
492.480,-0.380
492.484,-0.425
492.488,-0.420
492.492,-0.410
492.496,-0.435
492.500,-0.470
492.504,-0.465
492.508,-0.460
492.512,-0.480
492.516,-0.520
492.520,-0.510
492.524,-0.500
492.528,-0.520
492.532,-0.540
492.536,-0.535
492.540,-0.515
492.544,-0.510
492.548,-0.530
492.552,-0.525
492.556,-0.490
492.560,-0.470
492.564,-0.460
492.568,-0.455
492.572,-0.425
492.576,-0.380
492.580,-0.360
492.584,-0.340
492.588,-0.310
492.592,-0.260
492.596,-0.240
492.600,-0.235
492.604,-0.180
492.608,-0.130
492.612,-0.120
492.616,-0.125
492.620,-0.100
492.624,-0.065
492.628,-0.055
492.632,-0.060
492.636,-0.045
492.640,0.000
492.644,0.005
492.648,-0.030
492.652,-0.040
492.656,0.000
492.660,-0.025
492.664,-0.070
492.668,-0.130
492.672,-0.200
492.676,-0.285
492.680,-0.415
492.684,-0.595
492.688,-0.765
492.692,-0.920
492.696,-1.055
492.700,-1.215
492.704,-1.300
492.708,-1.375
492.712,-1.445
492.716,-1.555
492.720,-1.570
492.724,-1.585
492.728,-1.655
492.732,-1.740
492.736,-1.790
492.740,-1.780
492.744,-1.700
492.748,-1.510
492.752,-1.180
492.756,-0.755
492.760,-0.365
492.764,-0.055
492.768,0.160
492.772,0.325
492.776,0.420
492.780,0.460
492.784,0.490
492.788,0.515
492.792,0.535
492.796,0.515
492.800,0.485
492.804,0.495
492.808,0.540
492.812,0.560
492.816,0.540
492.820,0.565
492.824,0.615
492.828,0.645
492.832,0.650
492.836,0.660
492.840,0.715
492.844,0.745
492.848,0.755
492.852,0.750
492.856,0.790
492.860,0.820
492.864,0.835
492.868,0.840
492.872,0.885
492.876,0.920
492.880,0.940
492.884,0.945
492.888,0.990
492.892,1.025
492.896,1.035
492.900,1.015
492.904,1.030
492.908,1.045
492.912,1.035
492.916,1.000
492.920,1.010
492.924,1.025
492.928,1.015
492.932,0.965
492.936,0.955
492.940,0.950
492.944,0.905
492.948,0.805
492.952,0.690
492.956,0.580
492.960,0.460
492.964,0.320
492.968,0.160
492.972,0.020
492.976,-0.135
492.980,-0.300
492.984,-0.450
492.988,-0.505
492.992,-0.525
492.996,-0.605
493.000,-0.725
493.004,-0.810
493.008,-0.930
493.012,-1.090
493.016,-1.270
493.020,-1.380
493.024,-1.395
493.028,-1.415
493.032,-1.470
493.036,-1.470
493.040,-1.450
493.044,-1.425
493.048,-1.420
493.052,-1.385
493.056,-1.320
493.060,-1.270
493.064,-1.215
493.068,-1.150
493.072,-1.035
493.076,-0.920
493.080,-0.760
493.084,-0.575
493.088,-0.355
493.092,-0.160
493.096,-0.040
493.100,0.050
493.104,0.170
493.108,0.290
493.112,0.385
493.116,0.450
493.120,0.560
493.124,0.680
493.128,0.780
493.132,0.840
493.136,0.920
493.140,1.005
493.144,1.055
493.148,1.075
493.152,1.105
493.156,1.175
493.160,1.230
493.164,1.255
493.168,1.265
493.172,1.300
493.176,1.340
493.180,1.350
493.184,1.340
493.188,1.370
493.192,1.395
493.196,1.380
493.200,1.365
493.204,1.390
493.208,1.425
493.212,1.410
493.216,1.375
493.220,1.360
493.224,1.340
493.228,1.270
493.232,1.160
493.236,1.075
493.240,1.015
493.244,0.950
493.248,0.840
493.252,0.735
493.256,0.665
493.260,0.605
493.264,0.560
493.268,0.480
493.272,0.415
493.276,0.325
493.280,0.185
493.284,-0.080
493.288,-0.365
493.292,-0.685
493.296,-0.990
493.300,-1.200
493.304,-1.295
493.308,-1.380
493.312,-1.500
493.316,-1.615
493.320,-1.580
493.324,-1.470
493.328,-1.380
493.332,-1.340
493.336,-1.285
493.340,-1.220
493.344,-1.165
493.348,-1.150
493.352,-1.095
493.356,-1.005
493.360,-0.940
493.364,-0.905
493.368,-0.800
493.372,-0.580
493.376,-0.355
493.380,-0.155
493.384,0.040
493.388,0.245
493.392,0.455
493.396,0.615
493.400,0.710
493.404,0.785
493.408,0.835
493.412,0.860
493.416,0.865
493.420,0.900
493.424,0.935
493.428,0.950
493.432,0.950
493.436,0.975
493.440,1.020
493.444,1.040
493.448,1.040
493.452,1.035
493.456,1.075
493.460,1.100
493.464,1.110
493.468,1.105
493.472,1.140
493.476,1.165
493.480,1.160
493.484,1.130
493.488,1.150
493.492,1.160
493.496,1.150
493.500,1.120
493.504,1.140
493.508,1.155
493.512,1.135
493.516,1.080
493.520,1.080
493.524,1.080
493.528,1.075
493.532,1.030
493.536,1.010
493.540,0.995
493.544,0.930
493.548,0.835
493.552,0.760
493.556,0.715
493.560,0.670
493.564,0.590
493.568,0.500
493.572,0.470
493.576,0.435
493.580,0.340
493.584,0.210
493.588,0.065
493.592,-0.130
493.596,-0.365
493.600,-0.670
493.604,-1.060
493.608,-1.460
493.612,-1.825
493.616,-2.020
493.620,-2.030
493.624,-1.955
493.628,-1.880
493.632,-1.820
493.636,-1.730
493.640,-1.580
493.644,-1.445
493.648,-1.345
493.652,-1.240
493.656,-1.090
493.660,-0.970
493.664,-0.860
493.668,-0.725
493.672,-0.535
493.676,-0.355
493.680,-0.225
493.684,-0.110
493.688,0.115
493.692,0.275
493.696,0.345
493.700,0.345
493.704,0.380
493.708,0.420
493.712,0.450
493.716,0.445
493.720,0.475
493.724,0.515
493.728,0.545
493.732,0.535
493.736,0.570
493.740,0.615
493.744,0.640
493.748,0.640
493.752,0.665
493.756,0.710
493.760,0.725
493.764,0.725
493.768,0.720
493.772,0.760
493.776,0.790
493.780,0.790
493.784,0.775
493.788,0.795
493.792,0.810
493.796,0.800
493.800,0.770
493.804,0.780
493.808,0.795
493.812,0.785
493.816,0.765
493.820,0.770
493.824,0.785
493.828,0.770
493.832,0.735
493.836,0.750
493.840,0.780
493.844,0.765
493.848,0.755
493.852,0.770
493.856,0.810
493.860,0.840
493.864,0.840
493.868,0.805
493.872,0.785
493.876,0.755
493.880,0.700
493.884,0.635
493.888,0.630
493.892,0.640
493.896,0.615
493.900,0.545
493.904,0.520
493.908,0.490
493.912,0.450
493.916,0.395
493.920,0.345
493.924,0.265
493.928,0.160
493.932,0.055
493.936,0.035
493.940,0.035
493.944,0.010
493.948,-0.065
493.952,-0.120
493.956,-0.145
493.960,-0.160
493.964,-0.220
493.968,-0.280
493.972,-0.305
493.976,-0.370
493.980,-0.435
493.984,-0.505
493.988,-0.580
493.992,-0.680
493.996,-0.810
494.000,-0.945
494.004,-1.045
494.008,-1.145
494.012,-1.255
494.016,-1.400
494.020,-1.470
494.024,-1.430
494.028,-1.420
494.032,-1.485
494.036,-1.495
494.040,-1.475
494.044,-1.490
494.048,-1.530
494.052,-1.545
494.056,-1.490
494.060,-1.430
494.064,-1.350
494.068,-1.260
494.072,-1.155
494.076,-1.065
494.080,-0.980
494.084,-0.905
494.088,-0.815
494.092,-0.725
494.096,-0.635
494.100,-0.550
494.104,-0.420
494.108,-0.245
494.112,-0.085
494.116,0.080
494.120,0.265
494.124,0.425
494.128,0.520
494.132,0.585
494.136,0.680
494.140,0.760
494.144,0.805
494.148,0.810
494.152,0.830
494.156,0.890
494.160,0.930
494.164,0.945
494.168,0.955
494.172,1.000
494.176,1.045
494.180,1.060
494.184,1.060
494.188,1.100
494.192,1.145
494.196,1.145
494.200,1.130
494.204,1.160
494.208,1.200
494.212,1.205
494.216,1.195
494.220,1.210
494.224,1.235
494.228,1.230
494.232,1.200
494.236,1.175
494.240,1.145
494.244,1.080
494.248,0.995
494.252,0.925
494.256,0.860
494.260,0.785
494.264,0.680
494.268,0.565
494.272,0.505
494.276,0.445
494.280,0.365
494.284,0.260
494.288,0.200
494.292,0.140
494.296,0.050
494.300,-0.055
494.304,-0.090
494.308,-0.125
494.312,-0.210
494.316,-0.330
494.320,-0.395
494.324,-0.460
494.328,-0.550
494.332,-0.665
494.336,-0.740
494.340,-0.785
494.344,-0.830
494.348,-0.895
494.352,-0.940
494.356,-0.970
494.360,-1.025
494.364,-1.110
494.368,-1.190
494.372,-1.235
494.376,-1.280
494.380,-1.320
494.384,-1.350
494.388,-1.325
494.392,-1.300
494.396,-1.290
494.400,-1.255
494.404,-1.165
494.408,-1.050
494.412,-0.950
494.416,-0.880
494.420,-0.795
494.424,-0.725
494.428,-0.670
494.432,-0.630
494.436,-0.550
494.440,-0.425
494.444,-0.300
494.448,-0.190
494.452,-0.065
494.456,0.135
494.460,0.340
494.464,0.550
494.468,0.750
494.472,0.950
494.476,1.130
494.480,1.270
494.484,1.365
494.488,1.515
494.492,1.620
494.496,1.680
494.500,1.705
494.504,1.785
494.508,1.855
494.512,1.885
494.516,1.880
494.520,1.930
494.524,1.980
494.528,2.000
494.532,1.985
494.536,2.000
494.540,2.040
494.544,2.050
494.548,2.030
494.552,2.025
494.556,2.045
494.560,2.045
494.564,2.015
494.568,1.985
494.572,1.985
494.576,1.985
494.580,1.940
494.584,1.885
494.588,1.870
494.592,1.860
494.596,1.820
494.600,1.755
494.604,1.730
494.608,1.700
494.612,1.640
494.616,1.570
494.620,1.535
494.624,1.515
494.628,1.455
494.632,1.380
494.636,1.340
494.640,1.320
494.644,1.270
494.648,1.200
494.652,1.145
494.656,1.120
494.660,1.065
494.664,0.980
494.668,0.895
494.672,0.840
494.676,0.825
494.680,0.815
494.684,0.620
494.688,0.475
494.692,0.285
494.696,0.055
494.700,-0.220
494.704,-0.450
494.708,-0.695
494.712,-0.930
494.716,-1.130
494.720,-1.210
494.724,-1.305
494.728,-1.465
494.732,-1.625
494.736,-1.670
494.740,-1.695
494.744,-1.740
494.748,-1.760
494.752,-1.675
494.756,-1.490
494.760,-1.335
494.764,-1.205
494.768,-1.105
494.772,-1.010
494.776,-0.885
494.780,-0.720
494.784,-0.535
494.788,-0.300
494.792,-0.115
494.796,0.020
494.800,0.120
494.804,0.215
494.808,0.300
494.812,0.335
494.816,0.350
494.820,0.395
494.824,0.455
494.828,0.485
494.832,0.485
494.836,0.515
494.840,0.555
494.844,0.570
494.848,0.560
494.852,0.580
494.856,0.615
494.860,0.630
494.864,0.620
494.868,0.610
494.872,0.645
494.876,0.685
494.880,0.700
494.884,0.690
494.888,0.725
494.892,0.750
494.896,0.750
494.900,0.735
494.904,0.770
494.908,0.795
494.912,0.780
494.916,0.760
494.920,0.780
494.924,0.805
494.928,0.800
494.932,0.775
494.936,0.780
494.940,0.795
494.944,0.785
494.948,0.750
494.952,0.740
494.956,0.755
494.960,0.750
494.964,0.730
494.968,0.710
494.972,0.725
494.976,0.735
494.980,0.715
494.984,0.690
494.988,0.700
494.992,0.700
494.996,0.670
495.000,0.615
495.004,0.585
495.008,0.530
495.012,0.440
495.016,0.310
495.020,0.185
495.024,0.090
495.028,-0.060
495.032,-0.240
495.036,-0.365
495.040,-0.480
495.044,-0.625
495.048,-0.785
495.052,-0.910
495.056,-0.990
495.060,-1.080
495.064,-1.185
495.068,-1.290
495.072,-1.355
495.076,-1.445
495.080,-1.525
495.084,-1.585
495.088,-1.545
495.092,-1.450
495.096,-1.345
495.100,-1.220
495.104,-1.055
495.108,-0.865
495.112,-0.715
495.116,-0.590
495.120,-0.420
495.124,-0.245
495.128,-0.080
495.132,0.035
495.136,0.120
495.140,0.190
495.144,0.240
495.148,0.270
495.152,0.320
495.156,0.395
495.160,0.440
495.164,0.455
495.168,0.495
495.172,0.570
495.176,0.620
495.180,0.640
495.184,0.665
495.188,0.715
495.192,0.770
495.196,0.790
495.200,0.800
495.204,0.860
495.208,0.905
495.212,0.915
495.216,0.905
495.220,0.940
495.224,0.980
495.228,0.980
495.232,0.960
495.236,0.975
495.240,1.010
495.244,1.015
495.248,0.990
495.252,0.990
495.256,1.010
495.260,1.000
495.264,0.975
495.268,0.950
495.272,0.965
495.276,0.975
495.280,0.950
495.284,0.910
495.288,0.915
495.292,0.920
495.296,0.910
495.300,0.875
495.304,0.880
495.308,0.880
495.312,0.850
495.316,0.800
495.320,0.795
495.324,0.795
495.328,0.760
495.332,0.705
495.336,0.685
495.340,0.670
495.344,0.635
495.348,0.575
495.352,0.540
495.356,0.525
495.360,0.490
495.364,0.435
495.368,0.390
495.372,0.380
495.376,0.365
495.380,0.320
495.384,0.275
495.388,0.270
495.392,0.265
495.396,0.235
495.400,0.190
495.404,0.190
495.408,0.185
495.412,0.165
495.416,0.130
495.420,0.130
495.424,0.150
495.428,0.130
495.432,0.085
495.436,0.080
495.440,0.100
495.444,0.090
495.448,0.065
495.452,0.065
495.456,0.075
495.460,0.070
495.464,0.050
495.468,0.035
495.472,0.055
495.476,0.060
495.480,0.040
495.484,0.015
495.488,0.035
495.492,0.055
495.496,0.035
495.500,0.015
495.504,0.035
495.508,0.050
495.512,0.050
495.516,0.015
495.520,0.030
495.524,0.050
495.528,0.045
495.532,0.010
495.536,0.030
495.540,0.050
495.544,0.050
495.548,0.030
495.552,0.030
495.556,0.050
495.560,0.055
495.564,0.035
495.568,0.025
495.572,0.045
495.576,0.055
495.580,0.030
495.584,0.010
495.588,0.035
495.592,0.060
495.596,0.050
495.600,0.030
495.604,0.045
495.608,0.055
495.612,0.035
495.616,0.010
495.620,0.030
495.624,0.055
495.628,0.045
495.632,0.015
495.636,0.025
495.640,0.050
495.644,0.050
495.648,0.025
495.652,0.025
495.656,0.055
495.660,0.055
495.664,0.035
495.668,0.020
495.672,0.040
495.676,0.055
495.680,0.045
495.684,0.020
495.688,0.040
495.692,0.055
495.696,0.055
495.700,0.030
495.704,0.050
495.708,0.060
495.712,0.050
495.716,0.015
495.720,0.040
495.724,0.065
495.728,0.060
495.732,0.030
495.736,0.045
495.740,0.065
495.744,0.055
495.748,0.025
495.752,0.035
495.756,0.060
495.760,0.070
495.764,0.045
495.768,0.035
495.772,0.060
495.776,0.070
495.780,0.050
495.784,0.030
495.788,0.040
495.792,0.060
495.796,0.045
495.800,0.025
495.804,0.045
495.808,0.070
495.812,0.065
495.816,0.045
495.820,0.065
495.824,0.090
495.828,0.085
495.832,0.060
495.836,0.075
495.840,0.125
495.844,0.160
495.848,0.190
495.852,0.240
495.856,0.325
495.860,0.355
495.864,0.335
495.868,0.315
495.872,0.320
495.876,0.325
495.880,0.330
495.884,0.320
495.888,0.350
495.892,0.335
495.896,0.290
495.900,0.240
495.904,0.240
495.908,0.265
495.912,0.250
495.916,0.165
495.920,0.130
495.924,0.090
495.928,0.045
495.932,0.040
495.936,0.150
495.940,0.310
495.944,0.480
495.948,0.650
495.952,0.815
495.956,0.980
495.960,1.070
495.964,1.145
495.968,1.220
495.972,1.280
495.976,1.315
495.980,1.280
495.984,1.225
495.988,1.200
495.992,1.155
495.996,1.035
496.000,0.915
496.004,0.875
496.008,0.875
496.012,0.865
496.016,0.855
496.020,0.855
496.024,0.815
496.028,0.765
496.032,0.740
496.036,0.755
496.040,0.760
496.044,0.735
496.048,0.700
496.052,0.655
496.056,0.600
496.060,0.465
496.064,0.280
496.068,0.100
496.072,0.000
496.076,-0.075
496.080,-0.165
496.084,-0.265
496.088,-0.300
496.092,-0.310
496.096,-0.320
496.100,-0.340
496.104,-0.330
496.108,-0.320
496.112,-0.330
496.116,-0.370
496.120,-0.360
496.124,-0.340
496.128,-0.345
496.132,-0.385
496.136,-0.380
496.140,-0.365
496.144,-0.365
496.148,-0.390
496.152,-0.390
496.156,-0.365
496.160,-0.365
496.164,-0.390
496.168,-0.395
496.172,-0.380
496.176,-0.365
496.180,-0.370
496.184,-0.385
496.188,-0.355
496.192,-0.325
496.196,-0.325
496.200,-0.330
496.204,-0.295
496.208,-0.260
496.212,-0.250
496.216,-0.260
496.220,-0.230
496.224,-0.180
496.228,-0.170
496.232,-0.175
496.236,-0.140
496.240,-0.100
496.244,-0.085
496.248,-0.100
496.252,-0.090
496.256,-0.060
496.260,-0.060
496.264,-0.075
496.268,-0.090
496.272,-0.070
496.276,-0.065
496.280,-0.090
496.284,-0.120
496.288,-0.120
496.292,-0.130
496.296,-0.155
496.300,-0.200
496.304,-0.195
496.308,-0.210
496.312,-0.245
496.316,-0.300
496.320,-0.305
496.324,-0.305
496.328,-0.330
496.332,-0.385
496.336,-0.385
496.340,-0.365
496.344,-0.380
496.348,-0.415
496.352,-0.410
496.356,-0.385
496.360,-0.375
496.364,-0.395
496.368,-0.385
496.372,-0.350
496.376,-0.310
496.380,-0.295
496.384,-0.290
496.388,-0.245
496.392,-0.200
496.396,-0.200
496.400,-0.195
496.404,-0.140
496.408,-0.095
496.412,-0.065
496.416,-0.060
496.420,-0.020
496.424,0.030
496.428,0.045
496.432,0.045
496.436,0.075
496.440,0.120
496.444,0.160
496.448,0.180
496.452,0.225
496.456,0.300
496.460,0.335
496.464,0.315
496.468,0.295
496.472,0.305
496.476,0.315
496.480,0.300
496.484,0.295
496.488,0.345
496.492,0.330
496.496,0.275
496.500,0.270
496.504,0.350
496.508,0.410
496.512,0.445
496.516,0.405
496.520,0.375
496.524,0.370
496.528,0.355
496.532,0.325
496.536,0.335
496.540,0.320
496.544,0.250
496.548,0.105
496.552,-0.045
496.556,-0.155
496.560,-0.250
496.564,-0.360
496.568,-0.480
496.572,-0.520
496.576,-0.545
496.580,-0.560
496.584,-0.515
496.588,-0.450
496.592,-0.400
496.596,-0.355
496.600,-0.310
496.604,-0.220
496.608,-0.120
496.612,-0.065
496.616,-0.040
496.620,0.025
496.624,0.075
496.628,0.090
496.632,0.075
496.636,0.090
496.640,0.115
496.644,0.110
496.648,0.080
496.652,0.090
496.656,0.110
496.660,0.110
496.664,0.090
496.668,0.075
496.672,0.100
496.676,0.105
496.680,0.105
496.684,0.095
496.688,0.130
496.692,0.150
496.696,0.145
496.700,0.135
496.704,0.175
496.708,0.205
496.712,0.210
496.716,0.195
496.720,0.230
496.724,0.275
496.728,0.290
496.732,0.280
496.736,0.315
496.740,0.350
496.744,0.360
496.748,0.345
496.752,0.360
496.756,0.390
496.760,0.400
496.764,0.370
496.768,0.370
496.772,0.390
496.776,0.395
496.780,0.380
496.784,0.360
496.788,0.370
496.792,0.370
496.796,0.355
496.800,0.320
496.804,0.325
496.808,0.335
496.812,0.315
496.816,0.275
496.820,0.285
496.824,0.305
496.828,0.290
496.832,0.255
496.836,0.255
496.840,0.275
496.844,0.265
496.848,0.230
496.852,0.235
496.856,0.250
496.860,0.240
496.864,0.215
496.868,0.205
496.872,0.220
496.876,0.225
496.880,0.210
496.884,0.195
496.888,0.215
496.892,0.225
496.896,0.210
496.900,0.180
496.904,0.200
496.908,0.220
496.912,0.205
496.916,0.170
496.920,0.190
496.924,0.210
496.928,0.195
496.932,0.160
496.936,0.175
496.940,0.190
496.944,0.185
496.948,0.155
496.952,0.155
496.956,0.175
496.960,0.175
496.964,0.150
496.968,0.135
496.972,0.155
496.976,0.175
496.980,0.165
496.984,0.150
496.988,0.170
496.992,0.185
496.996,0.175
497.000,0.160
497.004,0.190
497.008,0.220
497.012,0.245
497.016,0.280
497.020,0.385
497.024,0.530
497.028,0.665
497.032,0.770
497.036,0.870
497.040,0.950
497.044,0.945
497.048,0.925
497.052,0.980
497.056,1.095
497.060,1.165
497.064,1.155
497.068,1.090
497.072,1.060
497.076,1.060
497.080,1.070
497.084,1.050
497.088,1.020
497.092,0.890
497.096,0.755
497.100,0.690
497.104,0.650
497.108,0.615
497.112,0.580
497.116,0.560
497.120,0.585
497.124,0.575
497.128,0.560
497.132,0.475
497.136,0.395
497.140,0.315
497.144,0.165
497.148,-0.030
497.152,-0.125
497.156,-0.150
497.160,-0.180
497.164,-0.245
497.168,-0.300
497.172,-0.305
497.176,-0.280
497.180,-0.285
497.184,-0.300
497.188,-0.280
497.192,-0.280
497.196,-0.300
497.200,-0.330
497.204,-0.310
497.208,-0.295
497.212,-0.310
497.216,-0.340
497.220,-0.325
497.224,-0.305
497.228,-0.315
497.232,-0.345
497.236,-0.330
497.240,-0.295
497.244,-0.285
497.248,-0.295
497.252,-0.280
497.256,-0.240
497.260,-0.225
497.264,-0.220
497.268,-0.215
497.272,-0.175
497.276,-0.155
497.280,-0.150
497.284,-0.160
497.288,-0.130
497.292,-0.115
497.296,-0.110
497.300,-0.125
497.304,-0.090
497.308,-0.055
497.312,-0.045
497.316,-0.040
497.320,0.035
497.324,0.100
497.328,0.140
497.332,0.180
497.336,0.270
497.340,0.360
497.344,0.420
497.348,0.445
497.352,0.510
497.356,0.600
497.360,0.650
497.364,0.665
497.368,0.705
497.372,0.775
497.376,0.840
497.380,0.875
497.384,0.880
497.388,0.900
497.392,0.930
497.396,0.955
497.400,0.955
497.404,0.975
497.408,0.990
497.412,0.950
497.416,0.865
497.420,0.795
497.424,0.710
497.428,0.595
497.432,0.485
497.436,0.425
497.440,0.340
497.444,0.195
497.448,0.030
497.452,-0.110
497.456,-0.190
497.460,-0.260
497.464,-0.365
497.468,-0.460
497.472,-0.535
497.476,-0.620
497.480,-0.685
497.484,-0.735
497.488,-0.720
497.492,-0.720
497.496,-0.750
497.500,-0.780
497.504,-0.755
497.508,-0.720
497.512,-0.690
497.516,-0.690
497.520,-0.660
497.524,-0.605
497.528,-0.560
497.532,-0.545
497.536,-0.490
497.540,-0.430
497.544,-0.400
497.548,-0.395
497.552,-0.335
497.556,-0.260
497.560,-0.220
497.564,-0.215
497.568,-0.180
497.572,-0.115
497.576,-0.055
497.580,-0.035
497.584,0.020
497.588,0.125
497.592,0.230
497.596,0.320
497.600,0.415
497.604,0.530
497.608,0.605
497.612,0.640
497.616,0.650
497.620,0.710
497.624,0.800
497.628,0.875
497.632,0.920
497.636,0.960
497.640,0.980
497.644,0.960
497.648,0.920
497.652,0.935
497.656,1.005
497.660,1.020
497.664,0.970
497.668,0.940
497.672,0.945
497.676,0.940
497.680,0.940
497.684,0.925
497.688,0.920
497.692,0.895
497.696,0.845
497.700,0.810
497.704,0.820
497.708,0.790
497.712,0.700
497.716,0.550
497.720,0.435
497.724,0.310
497.728,0.180
497.732,0.045
497.736,-0.100
497.740,-0.245
497.744,-0.410
497.748,-0.585
497.752,-0.720
497.756,-0.805
497.760,-0.845
497.764,-0.865
497.768,-0.840
497.772,-0.765
497.776,-0.700
497.780,-0.670
497.784,-0.640
497.788,-0.595
497.792,-0.545
497.796,-0.540
497.800,-0.545
497.804,-0.505
497.808,-0.480
497.812,-0.485
497.816,-0.470
497.820,-0.375
497.824,-0.280
497.828,-0.225
497.832,-0.195
497.836,-0.125
497.840,-0.035
497.844,0.050
497.848,0.090
497.852,0.170
497.856,0.260
497.860,0.335
497.864,0.365
497.868,0.410
497.872,0.475
497.876,0.530
497.880,0.585
497.884,0.645
497.888,0.720
497.892,0.775
497.896,0.795
497.900,0.770
497.904,0.775
497.908,0.785
497.912,0.790
497.916,0.760
497.920,0.795
497.924,0.820
497.928,0.795
497.932,0.760
497.936,0.755
497.940,0.730
497.944,0.655
497.948,0.550
497.952,0.480
497.956,0.415
497.960,0.335
497.964,0.225
497.968,0.125
497.972,0.050
497.976,-0.040
497.980,-0.120
497.984,-0.175
497.988,-0.180
497.992,-0.195
497.996,-0.275
498.000,-0.365
498.004,-0.410
498.008,-0.460
498.012,-0.545
498.016,-0.640
498.020,-0.730
498.024,-0.825
498.028,-0.940
498.032,-1.075
498.036,-1.140
498.040,-1.115
498.044,-1.060
498.048,-0.975
498.052,-0.825
498.056,-0.655
498.060,-0.525
498.064,-0.440
498.068,-0.345
498.072,-0.250
498.076,-0.210
498.080,-0.200
498.084,-0.210
498.088,-0.185
498.092,-0.170
498.096,-0.170
498.100,-0.160
498.104,-0.075
498.108,0.020
498.112,0.065
498.116,0.105
498.120,0.190
498.124,0.280
498.128,0.340
498.132,0.365
498.136,0.425
498.140,0.485
498.144,0.540
498.148,0.575
498.152,0.640
498.156,0.735
498.160,0.810
498.164,0.860
498.168,0.935
498.172,1.025
498.176,1.040
498.180,1.015
498.184,0.950
498.188,0.915
498.192,0.880
498.196,0.820
498.200,0.785
498.204,0.795
498.208,0.660
498.212,0.415
498.216,0.150
498.220,-0.090
498.224,-0.260
498.228,-0.390
498.232,-0.520
498.236,-0.620
498.240,-0.680
498.244,-0.705
498.248,-0.725
498.252,-0.710
498.256,-0.695
498.260,-0.715
498.264,-0.750
498.268,-0.785
498.272,-0.805
498.276,-0.835
498.280,-0.885
498.284,-0.945
498.288,-0.950
498.292,-0.955
498.296,-0.980
498.300,-0.995
498.304,-0.950
498.308,-0.905
498.312,-0.865
498.316,-0.840
498.320,-0.755
498.324,-0.660
498.328,-0.610
498.332,-0.590
498.336,-0.540
498.340,-0.480
498.344,-0.435
498.348,-0.405
498.352,-0.340
498.356,-0.260
498.360,-0.205
498.364,-0.170
498.368,-0.080
498.372,0.055
498.376,0.195
498.380,0.330
498.384,0.455
498.388,0.595
498.392,0.720
498.396,0.805
498.400,0.885
498.404,1.005
498.408,1.085
498.412,1.110
498.416,1.125
498.420,1.195
498.424,1.270
498.428,1.300
498.432,1.310
498.436,1.350
498.440,1.365
498.444,1.315
498.448,1.250
498.452,1.215
498.456,1.180
498.460,1.130
498.464,1.050
498.468,0.945
498.472,0.875
498.476,0.785
498.480,0.680
498.484,0.595
498.488,0.545
498.492,0.470
498.496,0.350
498.500,0.215
498.504,0.120
498.508,0.015
498.512,-0.110
498.516,-0.235
498.520,-0.310
498.524,-0.375
498.528,-0.435
498.532,-0.515
498.536,-0.555
498.540,-0.585
498.544,-0.625
498.548,-0.700
498.552,-0.735
498.556,-0.760
498.560,-0.810
498.564,-0.875
498.568,-0.890
498.572,-0.850
498.576,-0.805
498.580,-0.780
498.584,-0.740
498.588,-0.670
498.592,-0.630
498.596,-0.620
498.600,-0.630
498.604,-0.600
498.608,-0.570
498.612,-0.560
498.616,-0.545
498.620,-0.490
498.624,-0.415
498.628,-0.380
498.632,-0.350
498.636,-0.270
498.640,-0.180
498.644,-0.135
498.648,-0.115
498.652,-0.050
498.656,0.035
498.660,0.085
498.664,0.115
498.668,0.170
498.672,0.255
498.676,0.300
498.680,0.300
498.684,0.290
498.688,0.340
498.692,0.390
498.696,0.465
498.700,0.550
498.704,0.680
498.708,0.820
498.712,0.925
498.716,1.030
498.720,1.185
498.724,1.330
498.728,1.435
498.732,1.475
498.736,1.500
498.740,1.440
498.744,1.340
498.748,1.235
498.752,1.165
498.756,1.115
498.760,1.035
498.764,0.890
498.768,0.775
498.772,0.715
498.776,0.670
498.780,0.605
498.784,0.520
498.788,0.445
498.792,0.320
498.796,0.140
498.800,-0.055
498.804,-0.160
498.808,-0.245
498.812,-0.320
498.816,-0.380
498.820,-0.380
498.824,-0.385
498.828,-0.420
498.832,-0.465
498.836,-0.470
498.840,-0.480
498.844,-0.505
498.848,-0.525
498.852,-0.495
498.856,-0.440
498.860,-0.400
498.864,-0.395
498.868,-0.370
498.872,-0.320
498.876,-0.305
498.880,-0.320
498.884,-0.330
498.888,-0.330
498.892,-0.350
498.896,-0.380
498.900,-0.400
498.904,-0.360
498.908,-0.320
498.912,-0.295
498.916,-0.285
498.920,-0.220
498.924,-0.140
498.928,-0.080
498.932,-0.050
498.936,0.020
498.940,0.070
498.944,0.110
498.948,0.140
498.952,0.210
498.956,0.280
498.960,0.315
498.964,0.320
498.968,0.370
498.972,0.440
498.976,0.490
498.980,0.525
498.984,0.585
498.988,0.675
498.992,0.770
498.996,0.850
499.000,0.940
499.004,1.070
499.008,1.190
499.012,1.245
499.016,1.270
499.020,1.325
499.024,1.355
499.028,1.310
499.032,1.225
499.036,1.180
499.040,1.140
499.044,1.070
499.048,0.970
499.052,0.910
499.056,0.865
499.060,0.790
499.064,0.705
499.068,0.645
499.072,0.610
499.076,0.575
499.080,0.505
499.084,0.415
499.088,0.365
499.092,0.320
499.096,0.250
499.100,0.095
499.104,-0.045
499.108,-0.180
499.112,-0.305
499.116,-0.405
499.120,-0.440
499.124,-0.460
499.128,-0.500
499.132,-0.540
499.136,-0.525
499.140,-0.540
499.144,-0.600
499.148,-0.675
499.152,-0.685
499.156,-0.700
499.160,-0.730
499.164,-0.765
499.168,-0.750
499.172,-0.715
499.176,-0.710
499.180,-0.725
499.184,-0.715
499.188,-0.670
499.192,-0.640
499.196,-0.630
499.200,-0.620
499.204,-0.565
499.208,-0.500
499.212,-0.465
499.216,-0.465
499.220,-0.400
499.224,-0.320
499.228,-0.285
499.232,-0.255
499.236,-0.170
499.240,-0.085
499.244,-0.030
499.248,0.020
499.252,0.105
499.256,0.195
499.260,0.275
499.264,0.355
499.268,0.440
499.272,0.550
499.276,0.670
499.280,0.760
499.284,0.900
499.288,1.070
499.292,1.180
499.296,1.200
499.300,1.160
499.304,1.130
499.308,1.095
499.312,1.060
499.316,1.015
499.320,1.015
499.324,0.970
499.328,0.885
499.332,0.765
499.336,0.690
499.340,0.640
499.344,0.580
499.348,0.465
499.352,0.380
499.356,0.315
499.360,0.235
499.364,0.130
499.368,0.050
499.372,-0.025
499.376,-0.105
499.380,-0.200
499.384,-0.265
499.388,-0.295
499.392,-0.330
499.396,-0.365
499.400,-0.405
499.404,-0.410
499.408,-0.445
499.412,-0.505
499.416,-0.570
499.420,-0.560
499.424,-0.525
499.428,-0.525
499.432,-0.530
499.436,-0.500
499.440,-0.470
499.444,-0.475
499.448,-0.485
499.452,-0.420
499.456,-0.345
499.460,-0.295
499.464,-0.265
499.468,-0.205
499.472,-0.130
499.476,-0.060
499.480,0.015
499.484,0.070
499.488,0.100
499.492,0.095
499.496,0.070
499.500,0.000
499.504,-0.040
499.508,-0.040
499.512,-0.050
499.516,-0.050
499.520,0.035
499.524,0.125
499.528,0.200
499.532,0.240
499.536,0.345
499.540,0.470
499.544,0.570
499.548,0.635
499.552,0.760
499.556,0.865
499.560,0.915
499.564,0.920
499.568,0.920
499.572,0.905
499.576,0.835
499.580,0.715
499.584,0.620
499.588,0.575
499.592,0.540
499.596,0.480
499.600,0.400
499.604,0.345
499.608,0.250
499.612,0.115
499.616,0.010
499.620,-0.070
499.624,-0.145
499.628,-0.260
499.632,-0.375
499.636,-0.440
499.640,-0.455
499.644,-0.480
499.648,-0.525
499.652,-0.530
499.656,-0.525
499.660,-0.545
499.664,-0.590
499.668,-0.605
499.672,-0.605
499.676,-0.620
499.680,-0.650
499.684,-0.665
499.688,-0.640
499.692,-0.625
499.696,-0.620
499.700,-0.625
499.704,-0.585
499.708,-0.525
499.712,-0.465
499.716,-0.410
499.720,-0.295
499.724,-0.205
499.728,-0.140
499.732,-0.100
499.736,0.000
499.740,0.090
499.744,0.155
499.748,0.200
499.752,0.275
499.756,0.375
499.760,0.450
499.764,0.475
499.768,0.520
499.772,0.550
499.776,0.530
499.780,0.470
499.784,0.415
499.788,0.365
499.792,0.295
499.796,0.235
499.800,0.210
499.804,0.230
499.808,0.275
499.812,0.320
499.816,0.395
499.820,0.535
499.824,0.695
499.828,0.840
499.832,0.895
499.836,0.970
499.840,1.035
499.844,1.020
499.848,0.915
499.852,0.815
499.856,0.740
499.860,0.660
499.864,0.570
499.868,0.510
499.872,0.500
499.876,0.440
499.880,0.335
499.884,0.275
499.888,0.255
499.892,0.210
499.896,0.160
499.900,0.115
499.904,0.105
499.908,0.060
499.912,-0.045
499.916,-0.175
499.920,-0.275
499.924,-0.370
499.928,-0.465
499.932,-0.580
499.936,-0.625
499.940,-0.675
499.944,-0.705
499.948,-0.725
499.952,-0.680
499.956,-0.640
499.960,-0.625
499.964,-0.630
499.968,-0.590
499.972,-0.525
499.976,-0.470
499.980,-0.435
499.984,-0.350
499.988,-0.210
499.992,-0.110
499.996,-0.050
500.000,0.035
500.004,0.120
500.008,0.205
500.012,0.265
500.016,0.315
500.020,0.400
500.024,0.485
500.028,0.540
500.032,0.585
500.036,0.665
500.040,0.740
500.044,0.780
500.048,0.775
500.052,0.795
500.056,0.815
500.060,0.795
500.064,0.750
500.068,0.700
500.072,0.670
500.076,0.630
500.080,0.595
500.084,0.605
500.088,0.675
500.092,0.735
500.096,0.785
500.100,0.820
500.104,0.850
500.108,0.820
500.112,0.740
500.116,0.630
500.120,0.570
500.124,0.520
500.128,0.460
500.132,0.385
500.136,0.340
500.140,0.290
500.144,0.225
500.148,0.135
500.152,0.100
500.156,0.085
500.160,0.050
500.164,-0.020
500.168,-0.045
500.172,-0.055
500.176,-0.080
500.180,-0.135
500.184,-0.180
500.188,-0.230
500.192,-0.315
500.196,-0.460
500.200,-0.580
500.204,-0.625
500.208,-0.630
500.212,-0.665
500.216,-0.690
500.220,-0.675
500.224,-0.665
500.228,-0.685
500.232,-0.720
500.236,-0.705
500.240,-0.680
500.244,-0.665
500.248,-0.640
500.252,-0.560
500.256,-0.445
500.260,-0.360
500.264,-0.300
500.268,-0.210
500.272,-0.100
500.276,-0.020
500.280,0.035
500.284,0.085
500.288,0.160
500.292,0.215
500.296,0.255
500.300,0.295
500.304,0.390
500.308,0.475
500.312,0.515
500.316,0.515
500.320,0.570
500.324,0.610
500.328,0.620
500.332,0.585
500.336,0.595
500.340,0.605
500.344,0.595
500.348,0.545
500.352,0.545
500.356,0.610
500.360,0.655
500.364,0.675
500.368,0.775
500.372,0.880
500.376,0.890
500.380,0.830
500.384,0.750
500.388,0.645
500.392,0.535
500.396,0.455
500.400,0.410
500.404,0.395
500.408,0.350
500.412,0.300
500.416,0.240
500.420,0.210
500.424,0.195
500.428,0.175
500.432,0.140
500.436,0.140
500.440,0.140
500.444,0.075
500.448,0.020
500.452,0.020
500.456,0.000
500.460,-0.145
500.464,-0.310
500.468,-0.425
500.472,-0.485
500.476,-0.525
500.480,-0.560
500.484,-0.560
500.488,-0.520
500.492,-0.480
500.496,-0.460
500.500,-0.455
500.504,-0.420
500.508,-0.380
500.512,-0.355
500.516,-0.325
500.520,-0.240
500.524,-0.155
500.528,-0.075
500.532,0.000
500.536,0.095
500.540,0.185
500.544,0.260
500.548,0.310
500.552,0.370
500.556,0.440
500.560,0.485
500.564,0.500
500.568,0.565
500.572,0.655
500.576,0.725
500.580,0.740
500.584,0.770
500.588,0.835
500.592,0.860
500.596,0.865
500.600,0.870
500.604,0.870
500.608,0.845
500.612,0.770
500.616,0.710
500.620,0.690
500.624,0.660
500.628,0.605
500.632,0.585
500.636,0.600
500.640,0.610
500.644,0.590
500.648,0.535
500.652,0.500
500.656,0.435
500.660,0.315
500.664,0.175
500.668,0.095
500.672,0.095
500.676,0.115
500.680,0.090
500.684,0.040
500.688,0.015
500.692,-0.035
500.696,-0.080
500.700,-0.130
500.704,-0.140
500.708,-0.185
500.712,-0.260
500.716,-0.340
500.720,-0.365
500.724,-0.400
500.728,-0.450
500.732,-0.530
500.736,-0.550
500.740,-0.560
500.744,-0.585
500.748,-0.610
500.752,-0.575
500.756,-0.550
500.760,-0.540
500.764,-0.545
500.768,-0.515
500.772,-0.450
500.776,-0.395
500.780,-0.355
500.784,-0.270
500.788,-0.165
500.792,-0.075
500.796,0.000
500.800,0.075
500.804,0.175
500.808,0.255
500.812,0.305
500.816,0.330
500.820,0.380
500.824,0.455
500.828,0.515
500.832,0.540
500.836,0.615
500.840,0.700
500.844,0.745
500.848,0.765
500.852,0.835
500.856,0.865
500.860,0.840
500.864,0.785
500.868,0.755
500.872,0.715
500.876,0.650
500.880,0.575
500.884,0.535
500.888,0.515
500.892,0.430
500.896,0.370
500.900,0.365
500.904,0.400
500.908,0.480
500.912,0.520
500.916,0.485
500.920,0.445
500.924,0.340
500.928,0.220
500.932,0.100
500.936,0.045
500.940,0.030
500.944,-0.025
500.948,-0.095
500.952,-0.110
500.956,-0.120
500.960,-0.195
500.964,-0.305
500.968,-0.370
500.972,-0.385
500.976,-0.420
500.980,-0.495
500.984,-0.520
500.988,-0.495
500.992,-0.490
500.996,-0.510
501.000,-0.505
501.004,-0.490
501.008,-0.470
501.012,-0.450
501.016,-0.440
501.020,-0.395
501.024,-0.330
501.028,-0.280
501.032,-0.230
501.036,-0.140
501.040,-0.045
501.044,0.035
501.048,0.100
501.052,0.205
501.056,0.315
501.060,0.385
501.064,0.430
501.068,0.495
501.072,0.575
501.076,0.630
501.080,0.670
501.084,0.725
501.088,0.805
501.092,0.865
501.096,0.900
501.100,0.930
501.104,0.995
501.108,1.055
501.112,1.075
501.116,1.060
501.120,1.095
501.124,1.110
501.128,1.040
501.132,0.940
501.136,0.875
501.140,0.805
501.144,0.710
501.148,0.605
501.152,0.525
501.156,0.420
501.160,0.335
501.164,0.245
501.168,0.205
501.172,0.190
501.176,0.185
501.180,0.140
501.184,0.120
501.188,0.100
501.192,0.010
501.196,-0.135
501.200,-0.240
501.204,-0.320
501.208,-0.405
501.212,-0.480
501.216,-0.530
501.220,-0.530
501.224,-0.525
501.228,-0.575
501.232,-0.655
501.236,-0.655
501.240,-0.620
501.244,-0.600
501.248,-0.600
501.252,-0.570
501.256,-0.535
501.260,-0.520
501.264,-0.525
501.268,-0.485
501.272,-0.420
501.276,-0.365
501.280,-0.325
501.284,-0.260
501.288,-0.175
501.292,-0.110
501.296,-0.070
501.300,-0.025
501.304,0.080
501.308,0.175
501.312,0.250
501.316,0.300
501.320,0.380
501.324,0.445
501.328,0.485
501.332,0.530
501.336,0.630
501.340,0.725
501.344,0.790
501.348,0.830
501.352,0.915
501.356,0.995
501.360,1.050
501.364,1.065
501.368,1.120
501.372,1.180
501.376,1.180
501.380,1.155
501.384,1.145
501.388,1.120
501.392,1.040
501.396,0.910
501.400,0.780
501.404,0.670
501.408,0.575
501.412,0.440
501.416,0.300
501.420,0.200
501.424,0.135
501.428,0.040
501.432,-0.040
501.436,-0.035
501.440,-0.055
501.444,-0.095
501.448,-0.145
501.452,-0.130
501.456,-0.160
501.460,-0.265
501.464,-0.400
501.468,-0.520
501.472,-0.595
501.476,-0.660
501.480,-0.705
501.484,-0.720
501.488,-0.705
501.492,-0.710
501.496,-0.725
501.500,-0.740
501.504,-0.710
501.508,-0.670
501.512,-0.640
501.516,-0.615
501.520,-0.540
501.524,-0.460
501.528,-0.400
501.532,-0.360
501.536,-0.265
501.540,-0.185
501.544,-0.135
501.548,-0.105
501.552,0.000
501.556,0.105
501.560,0.175
501.564,0.210
501.568,0.280
501.572,0.360
501.576,0.420
501.580,0.450
501.584,0.510
501.588,0.600
501.592,0.675
501.596,0.750
501.600,0.835
501.604,0.950
501.608,1.040
501.612,1.100
501.616,1.155
501.620,1.220
501.624,1.275
501.628,1.290
501.632,1.295
501.636,1.350
501.640,1.415
501.644,1.435
501.648,1.405
501.652,1.410
501.656,1.375
501.660,1.260
501.664,1.085
501.668,0.975
501.672,0.880
501.676,0.780
501.680,0.655
501.684,0.535
501.688,0.435
501.692,0.325
501.696,0.210
501.700,0.125
501.704,0.075
501.708,-0.020
501.712,-0.130
501.716,-0.240
501.720,-0.280
501.724,-0.340
501.728,-0.445
501.732,-0.570
501.736,-0.655
501.740,-0.740
501.744,-0.810
501.748,-0.870
501.752,-0.875
501.756,-0.870
501.760,-0.885
501.764,-0.935
501.768,-0.930
501.772,-0.890
501.776,-0.865
501.780,-0.860
501.784,-0.800
501.788,-0.715
501.792,-0.640
501.796,-0.580
501.800,-0.505
501.804,-0.430
501.808,-0.365
501.812,-0.330
501.816,-0.275
501.820,-0.185
501.824,-0.090
501.828,-0.030
501.832,0.035
501.836,0.110
501.840,0.195
501.844,0.260
501.848,0.320
501.852,0.405
501.856,0.520
501.860,0.615
501.864,0.685
501.868,0.820
501.872,0.960
501.876,1.060
501.880,1.125
501.884,1.180
501.888,1.235
501.892,1.250
501.896,1.240
501.900,1.230
501.904,1.215
501.908,1.180
501.912,1.145
501.916,1.095
501.920,1.085
501.924,1.035
501.928,0.900
501.932,0.720
501.936,0.595
501.940,0.435
501.944,0.240
501.948,0.030
501.952,-0.105
501.956,-0.225
501.960,-0.365
501.964,-0.490
501.968,-0.510
501.972,-0.480
501.976,-0.395
501.980,-0.275
501.984,-0.170
501.988,-0.095
501.992,-0.100
501.996,-0.190
502.000,-0.300
502.004,-0.395
502.008,-0.475
502.012,-0.555
502.016,-0.640
502.020,-0.690
502.024,-0.735
502.028,-0.810
502.032,-0.865
502.036,-0.840
502.040,-0.800
502.044,-0.780
502.048,-0.765
502.052,-0.705
502.056,-0.625
502.060,-0.580
502.064,-0.560
502.068,-0.480
502.072,-0.390
502.076,-0.315
502.080,-0.265
502.084,-0.205
502.088,-0.120
502.092,-0.065
502.096,-0.015
502.100,0.060
502.104,0.170
502.108,0.260
502.112,0.325
502.116,0.370
502.120,0.465
502.124,0.560
502.128,0.660
502.132,0.760
502.136,0.920
502.140,1.040
502.144,1.120
502.148,1.165
502.152,1.260
502.156,1.340
502.160,1.400
502.164,1.405
502.168,1.455
502.172,1.505
502.176,1.510
502.180,1.460
502.184,1.425
502.188,1.400
502.192,1.335
502.196,1.245
502.200,1.150
502.204,1.055
502.208,0.965
502.212,0.845
502.216,0.680
502.220,0.550
502.224,0.410
502.228,0.245
502.232,0.100
502.236,-0.025
502.240,-0.130
502.244,-0.200
502.248,-0.260
502.252,-0.295
502.256,-0.315
502.260,-0.430
502.264,-0.565
502.268,-0.565
502.272,-0.515
502.276,-0.485
502.280,-0.495
502.284,-0.480
502.288,-0.480
502.292,-0.540
502.296,-0.600
502.300,-0.645
502.304,-0.675
502.308,-0.700
502.312,-0.715
502.316,-0.735
502.320,-0.705
502.324,-0.665
502.328,-0.655
502.332,-0.660
502.336,-0.615
502.340,-0.570
502.344,-0.535
502.348,-0.505
502.352,-0.430
502.356,-0.355
502.360,-0.295
502.364,-0.260
502.368,-0.180
502.372,-0.080
502.376,0.010
502.380,0.055
502.384,0.145
502.388,0.255
502.392,0.345
502.396,0.390
502.400,0.460
502.404,0.565
502.408,0.655
502.412,0.730
502.416,0.790
502.420,0.875
502.424,0.945
502.428,0.975
502.432,0.975
502.436,1.035
502.440,1.100
502.444,1.130
502.448,1.120
502.452,1.120
502.456,1.110
502.460,1.040
502.464,0.960
502.468,0.900
502.472,0.825
502.476,0.755
502.480,0.690
502.484,0.680
502.488,0.655
502.492,0.570
502.496,0.445
502.500,0.330
502.504,0.315
502.508,0.325
502.512,0.305
502.516,0.275
502.520,0.280
502.524,0.235
502.528,0.170
502.532,0.055
502.536,-0.070
502.540,-0.160
502.544,-0.220
502.548,-0.285
502.552,-0.320
502.556,-0.370
502.560,-0.460
502.564,-0.550
502.568,-0.565
502.572,-0.550
502.576,-0.580
502.580,-0.645
502.584,-0.650
502.588,-0.625
502.592,-0.630
502.596,-0.665
502.600,-0.660
502.604,-0.610
502.608,-0.575
502.612,-0.560
502.616,-0.540
502.620,-0.480
502.624,-0.405
502.628,-0.360
502.632,-0.320
502.636,-0.220
502.640,-0.130
502.644,-0.065
502.648,0.000
502.652,0.085
502.656,0.175
502.660,0.235
502.664,0.280
502.668,0.370
502.672,0.475
502.676,0.550
502.680,0.580
502.684,0.665
502.688,0.765
502.692,0.820
502.696,0.845
502.700,0.895
502.704,0.970
502.708,1.005
502.712,1.030
502.716,1.035
502.720,1.055
502.724,1.055
502.728,1.035
502.732,0.990
502.736,0.970
502.740,0.935
502.744,0.875
502.748,0.820
502.752,0.830
502.756,0.830
502.760,0.775
502.764,0.680
502.768,0.620
502.772,0.590
502.776,0.525
502.780,0.420
502.784,0.335
502.788,0.260
502.792,0.150
502.796,0.000
502.800,-0.175
502.804,-0.305
502.808,-0.405
502.812,-0.475
502.816,-0.525
502.820,-0.550
502.824,-0.590
502.828,-0.660
502.832,-0.715
502.836,-0.720
502.840,-0.740
502.844,-0.785
502.848,-0.820
502.852,-0.800
502.856,-0.770
502.860,-0.755
502.864,-0.760
502.868,-0.720
502.872,-0.680
502.876,-0.665
502.880,-0.645
502.884,-0.585
502.888,-0.480
502.892,-0.425
502.896,-0.385
502.900,-0.315
502.904,-0.220
502.908,-0.130
502.912,-0.065
502.916,0.010
502.920,0.125
502.924,0.220
502.928,0.275
502.932,0.315
502.936,0.410
502.940,0.505
502.944,0.585
502.948,0.640
502.952,0.730
502.956,0.815
502.960,0.855
502.964,0.865
502.968,0.895
502.972,0.945
502.976,0.945
502.980,0.925
502.984,0.950
502.988,0.980
502.992,0.990
502.996,0.960
503.000,0.935
503.004,0.900
503.008,0.825
503.012,0.770
503.016,0.750
503.020,0.730
503.024,0.680
503.028,0.555
503.032,0.395
503.036,0.255
503.040,0.180
503.044,0.110
503.048,0.005
503.052,-0.105
503.056,-0.225
503.060,-0.325
503.064,-0.405
503.068,-0.430
503.072,-0.475
503.076,-0.550
503.080,-0.665
503.084,-0.705
503.088,-0.685
503.092,-0.710
503.096,-0.750
503.100,-0.760
503.104,-0.720
503.108,-0.710
503.112,-0.710
503.116,-0.715
503.120,-0.665
503.124,-0.620
503.128,-0.610
503.132,-0.600
503.136,-0.540
503.140,-0.490
503.144,-0.450
503.148,-0.420
503.152,-0.335
503.156,-0.250
503.160,-0.180
503.164,-0.135
503.168,-0.030
503.172,0.085
503.176,0.165
503.180,0.220
503.184,0.325
503.188,0.455
503.192,0.565
503.196,0.645
503.200,0.740
503.204,0.860
503.208,0.950
503.212,1.010
503.216,1.075
503.220,1.170
503.224,1.255
503.228,1.290
503.232,1.310
503.236,1.350
503.240,1.370
503.244,1.350
503.248,1.320
503.252,1.320
503.256,1.320
503.260,1.285
503.264,1.245
503.268,1.205
503.272,1.175
503.276,1.105
503.280,0.965
503.284,0.815
503.288,0.650
503.292,0.455
503.296,0.235
503.300,0.030
503.304,-0.125
503.308,-0.265
503.312,-0.385
503.316,-0.540
503.320,-0.615
503.324,-0.690
503.328,-0.775
503.332,-0.850
503.336,-0.880
503.340,-0.920
503.344,-0.980
503.348,-1.010
503.352,-0.960
503.356,-0.925
503.360,-0.905
503.364,-0.920
503.368,-0.880
503.372,-0.835
503.376,-0.820
503.380,-0.835
503.384,-0.795
503.388,-0.740
503.392,-0.710
503.396,-0.705
503.400,-0.650
503.404,-0.570
503.408,-0.505
503.412,-0.450
503.416,-0.400
503.420,-0.290
503.424,-0.175
503.428,-0.100
503.432,-0.040
503.436,0.080
503.440,0.190
503.444,0.275
503.448,0.365
503.452,0.505
503.456,0.635
503.460,0.740
503.464,0.835
503.468,0.925
503.472,1.030
503.476,1.120
503.480,1.175
503.484,1.270
503.488,1.375
503.492,1.435
503.496,1.430
503.500,1.395
503.504,1.385
503.508,1.335
503.512,1.285
503.516,1.210
503.520,1.130
503.524,0.995
503.528,0.835
503.532,0.660
503.536,0.520
503.540,0.360
503.544,0.180
503.548,0.010
503.552,-0.130
503.556,-0.270
503.560,-0.410
503.564,-0.560
503.568,-0.680
503.572,-0.795
503.576,-0.905
503.580,-1.010
503.584,-1.075
503.588,-1.065
503.592,-1.070
503.596,-1.085
503.600,-1.040
503.604,-0.975
503.608,-0.955
503.612,-0.970
503.616,-0.935
503.620,-0.840
503.624,-0.770
503.628,-0.720
503.632,-0.705
503.636,-0.660
503.640,-0.620
503.644,-0.590
503.648,-0.575
503.652,-0.500
503.656,-0.415
503.660,-0.360
503.664,-0.295
503.668,-0.225
503.672,-0.135
503.676,-0.060
503.680,0.010
503.684,0.110
503.688,0.240
503.692,0.350
503.696,0.445
503.700,0.555
503.704,0.705
503.708,0.835
503.712,0.945
503.716,1.065
503.720,1.220
503.724,1.345
503.728,1.430
503.732,1.480
503.736,1.580
503.740,1.660
503.744,1.715
503.748,1.740
503.752,1.770
503.756,1.760
503.760,1.695
503.764,1.605
503.768,1.540
503.772,1.460
503.776,1.315
503.780,1.140
503.784,0.985
503.788,0.850
503.792,0.705
503.796,0.495
503.800,0.300
503.804,0.130
503.808,-0.065
503.812,-0.335
503.816,-0.680
503.820,-0.950
503.824,-1.185
503.828,-1.395
503.832,-1.485
503.836,-1.480
503.840,-1.445
503.844,-1.385
503.848,-1.300
503.852,-1.160
503.856,-1.030
503.860,-0.970
503.864,-0.955
503.868,-0.920
503.872,-0.885
503.876,-0.865
503.880,-0.850
503.884,-0.800
503.888,-0.740
503.892,-0.715
503.896,-0.700
503.900,-0.635
503.904,-0.525
503.908,-0.440
503.912,-0.380
503.916,-0.315
503.920,-0.210
503.924,-0.110
503.928,-0.035
503.932,0.035
503.936,0.145
503.940,0.255
503.944,0.325
503.948,0.385
503.952,0.495
503.956,0.605
503.960,0.690
503.964,0.765
503.968,0.895
503.972,1.020
503.976,1.115
503.980,1.180
503.984,1.290
503.988,1.390
503.992,1.435
503.996,1.435
504.000,1.450
504.004,1.490
504.008,1.485
504.012,1.430
504.016,1.370
504.020,1.310
504.024,1.215
504.028,1.080
504.032,0.930
504.036,0.800
504.040,0.625
504.044,0.390
504.048,0.145
504.052,-0.085
504.056,-0.340
504.060,-0.595
504.064,-0.890
504.068,-1.155
504.072,-1.315
504.076,-1.425
504.080,-1.470
504.084,-1.415
504.088,-1.330
504.092,-1.300
504.096,-1.285
504.100,-1.230
504.104,-1.110
504.108,-1.000
504.112,-0.905
504.116,-0.805
504.120,-0.710
504.124,-0.650
504.128,-0.595
504.132,-0.545
504.136,-0.460
504.140,-0.395
504.144,-0.345
504.148,-0.305
504.152,-0.230
504.156,-0.185
504.160,-0.160
504.164,-0.145
504.168,-0.060
504.172,0.050
504.176,0.120
504.180,0.175
504.184,0.285
504.188,0.415
504.192,0.530
504.196,0.600
504.200,0.700
504.204,0.810
504.208,0.910
504.212,1.005
504.216,1.115
504.220,1.240
504.224,1.335
504.228,1.380
504.232,1.435
504.236,1.515
504.240,1.565
504.244,1.575
504.248,1.565
504.252,1.590
504.256,1.600
504.260,1.590
504.264,1.555
504.268,1.525
504.272,1.460
504.276,1.330
504.280,1.175
504.284,1.040
504.288,0.910
504.292,0.725
504.296,0.440
504.300,0.125
504.304,-0.170
504.308,-0.465
504.312,-0.800
504.316,-1.105
504.320,-1.310
504.324,-1.425
504.328,-1.460
504.332,-1.470
504.336,-1.430
504.340,-1.420
504.344,-1.410
504.348,-1.385
504.352,-1.315
504.356,-1.245
504.360,-1.180
504.364,-1.120
504.368,-0.990
504.372,-0.855
504.376,-0.775
504.380,-0.730
504.384,-0.640
504.388,-0.560
504.392,-0.505
504.396,-0.465
504.400,-0.395
504.404,-0.290
504.408,-0.215
504.412,-0.180
504.416,-0.125
504.420,-0.050
504.424,0.015
504.428,0.055
504.432,0.120
504.436,0.240
504.440,0.355
504.444,0.440
504.448,0.505
504.452,0.620
504.456,0.745
504.460,0.850
504.464,0.950
504.468,1.100
504.472,1.220
504.476,1.290
504.480,1.330
504.484,1.400
504.488,1.470
504.492,1.510
504.496,1.530
504.500,1.550
504.504,1.560
504.508,1.525
504.512,1.425
504.516,1.315
504.520,1.240
504.524,1.145
504.528,1.025
504.532,0.880
504.536,0.740
504.540,0.550
504.544,0.260
504.548,-0.110
504.552,-0.395
504.556,-0.660
504.560,-0.925
504.564,-1.180
504.568,-1.315
504.572,-1.345
504.576,-1.335
504.580,-1.330
504.584,-1.270
504.588,-1.180
504.592,-1.110
504.596,-1.095
504.600,-1.060
504.604,-1.030
504.608,-1.010
504.612,-0.980
504.616,-0.905
504.620,-0.835
504.624,-0.775
504.628,-0.710
504.632,-0.630
504.636,-0.520
504.640,-0.415
504.644,-0.335
504.648,-0.250
504.652,-0.125
504.656,-0.030
504.660,0.040
504.664,0.080
504.668,0.175
504.672,0.265
504.676,0.320
504.680,0.355
504.684,0.420
504.688,0.505
504.692,0.585
504.696,0.650
504.700,0.765
504.704,0.905
504.708,1.025
504.712,1.135
504.716,1.240
504.720,1.355
504.724,1.430
504.728,1.480
504.732,1.505
504.736,1.580
504.740,1.635
504.744,1.640
504.748,1.620
504.752,1.645
504.756,1.630
504.760,1.540
504.764,1.405
504.768,1.320
504.772,1.240
504.776,1.125
504.780,0.970
504.784,0.835
504.788,0.665
504.792,0.445
504.796,0.155
504.800,-0.145
504.804,-0.445
504.808,-0.765
504.812,-1.040
504.816,-1.180
504.820,-1.225
504.824,-1.265
504.828,-1.300
504.832,-1.335
504.836,-1.310
504.840,-1.270
504.844,-1.230
504.848,-1.200
504.852,-1.125
504.856,-1.055
504.860,-1.005
504.864,-0.975
504.868,-0.915
504.872,-0.850
504.876,-0.805
504.880,-0.780
504.884,-0.660
504.888,-0.515
504.892,-0.400
504.896,-0.305
504.900,-0.200
504.904,-0.105
504.908,-0.020
504.912,0.045
504.916,0.120
504.920,0.220
504.924,0.285
504.928,0.330
504.932,0.375
504.936,0.460
504.940,0.530
504.944,0.595
504.948,0.670
504.952,0.800
504.956,0.925
504.960,0.990
504.964,1.015
504.968,1.090
504.972,1.160
504.976,1.220
504.980,1.255
504.984,1.300
504.988,1.340
504.992,1.365
504.996,1.345
505.000,1.310
505.004,1.235
505.008,1.125
505.012,0.990
505.016,0.880
505.020,0.795
505.024,0.685
505.028,0.495
505.032,0.285
505.036,0.110
505.040,-0.100
505.044,-0.390
505.048,-0.695
505.052,-0.900
505.056,-1.065
505.060,-1.165
505.064,-1.240
505.068,-1.230
505.072,-1.210
505.076,-1.220
505.080,-1.230
505.084,-1.150
505.088,-1.060
505.092,-1.020
505.096,-1.005
505.100,-0.955
505.104,-0.860
505.108,-0.795
505.112,-0.740
505.116,-0.680
505.120,-0.610
505.124,-0.545
505.128,-0.450
505.132,-0.340
505.136,-0.190
505.140,-0.060
505.144,0.045
505.148,0.115
505.152,0.225
505.156,0.330
505.160,0.430
505.164,0.510
505.168,0.625
505.172,0.725
505.176,0.795
505.180,0.840
505.184,0.935
505.188,1.030
505.192,1.105
505.196,1.155
505.200,1.230
505.204,1.310
505.208,1.360
505.212,1.385
505.216,1.420
505.220,1.480
505.224,1.520
505.228,1.520
505.232,1.510
505.236,1.530
505.240,1.510
505.244,1.435
505.248,1.325
505.252,1.245
505.256,1.150
505.260,1.035
505.264,0.910
505.268,0.790
505.272,0.660
505.276,0.480
505.280,0.255
505.284,0.010
505.288,-0.280
505.292,-0.585
505.296,-0.900
505.300,-1.070
505.304,-1.140
505.308,-1.180
505.312,-1.220
505.316,-1.250
505.320,-1.285
505.324,-1.300
505.328,-1.315
505.332,-1.330
505.336,-1.275
505.340,-1.210
505.344,-1.150
505.348,-1.090
505.352,-1.000
505.356,-0.910
505.360,-0.850
505.364,-0.820
505.368,-0.735
505.372,-0.635
505.376,-0.550
505.380,-0.475
505.384,-0.330
505.388,-0.190
505.392,-0.080
505.396,0.000
505.400,0.100
505.404,0.225
505.408,0.340
505.412,0.425
505.416,0.530
505.420,0.660
505.424,0.780
505.428,0.890
505.432,0.995
505.436,1.125
505.440,1.240
505.444,1.275
505.448,1.300
505.452,1.400
505.456,1.480
505.460,1.525
505.464,1.545
505.468,1.560
505.472,1.525
505.476,1.450
505.480,1.355
505.484,1.305
505.488,1.255
505.492,1.145
505.496,1.005
505.500,0.885
505.504,0.770
505.508,0.630
505.512,0.455
505.516,0.275
505.520,0.120
505.524,-0.105
505.528,-0.385
505.532,-0.680
505.536,-0.940
505.540,-1.180
505.544,-1.300
505.548,-1.330
505.552,-1.300
505.556,-1.305
505.560,-1.325
505.564,-1.350
505.568,-1.330
505.572,-1.265
505.576,-1.185
505.580,-1.125
505.584,-1.040
505.588,-0.960
505.592,-0.915
505.596,-0.910
505.600,-0.860
505.604,-0.775
505.608,-0.685
505.612,-0.635
505.616,-0.565
505.620,-0.460
505.624,-0.355
505.628,-0.255
505.632,-0.160
505.636,0.010
505.640,0.170
505.644,0.280
505.648,0.365
505.652,0.495
505.656,0.620
505.660,0.710
505.664,0.785
505.668,0.920
505.672,1.075
505.676,1.205
505.680,1.320
505.684,1.465
505.688,1.595
505.692,1.650
505.696,1.660
505.700,1.690
505.704,1.745
505.708,1.750
505.712,1.680
505.716,1.595
505.720,1.530
505.724,1.455
505.728,1.370
505.732,1.280
505.736,1.215
505.740,1.120
505.744,1.015
505.748,0.895
505.752,0.795
505.756,0.630
505.760,0.415
505.764,0.165
505.768,-0.065
505.772,-0.290
505.776,-0.550
505.780,-0.800
505.784,-0.975
505.788,-1.060
505.792,-1.120
505.796,-1.205
505.800,-1.235
505.804,-1.255
505.808,-1.280
505.812,-1.310
505.816,-1.295
505.820,-1.250
505.824,-1.225
505.828,-1.210
505.832,-1.185
505.836,-1.125
505.840,-1.055
505.844,-0.995
505.848,-0.925
505.852,-0.790
505.856,-0.665
505.860,-0.570
505.864,-0.500
505.868,-0.400
505.872,-0.295
505.876,-0.210
505.880,-0.130
505.884,0.000
505.888,0.170
505.892,0.305
505.896,0.430
505.900,0.580
505.904,0.735
505.908,0.860
505.912,0.950
505.916,1.080
505.920,1.250
505.924,1.395
505.928,1.505
505.932,1.575
505.936,1.660
505.940,1.710
505.944,1.700
505.948,1.630
505.952,1.595
505.956,1.540
505.960,1.435
505.964,1.310
505.968,1.260
505.972,1.180
505.976,1.080
505.980,0.980
505.984,0.900
505.988,0.795
505.992,0.650
505.996,0.465
506.000,0.315
506.004,0.155
506.008,-0.050
506.012,-0.280
506.016,-0.500
506.020,-0.700
506.024,-0.885
506.028,-1.045
506.032,-1.125
506.036,-1.125
506.040,-1.135
506.044,-1.165
506.048,-1.165
506.052,-1.120
506.056,-1.060
506.060,-1.005
506.064,-0.950
506.068,-0.855
506.072,-0.820
506.076,-0.835
506.080,-0.870
506.084,-0.855
506.088,-0.790
506.092,-0.700
506.096,-0.625
506.100,-0.530
506.104,-0.420
506.108,-0.335
506.112,-0.280
506.116,-0.200
506.120,-0.080
506.124,0.035
506.128,0.135
506.132,0.230
506.136,0.390
506.140,0.540
506.144,0.695
506.148,0.825
506.152,0.990
506.156,1.140
506.160,1.275
506.164,1.370
506.168,1.505
506.172,1.615
506.176,1.670
506.180,1.655
506.184,1.650
506.188,1.630
506.192,1.575
506.196,1.475
506.200,1.380
506.204,1.275
506.208,1.135
506.212,1.010
506.216,0.950
506.220,0.930
506.224,0.865
506.228,0.740
506.232,0.605
506.236,0.485
506.240,0.355
506.244,0.170
506.248,-0.045
506.252,-0.205
506.256,-0.365
506.260,-0.560
506.264,-0.730
506.268,-0.815
506.272,-0.875
506.276,-0.925
506.280,-0.990
506.284,-1.005
506.288,-1.000
506.292,-0.990
506.296,-0.985
506.300,-0.950
506.304,-0.905
506.308,-0.895
506.312,-0.905
506.316,-0.885
506.320,-0.835
506.324,-0.805
506.328,-0.785
506.332,-0.735
506.336,-0.630
506.340,-0.530
506.344,-0.440
506.348,-0.360
506.352,-0.245
506.356,-0.130
506.360,-0.030
506.364,0.055
506.368,0.185
506.372,0.320
506.376,0.420
506.380,0.510
506.384,0.645
506.388,0.810
506.392,0.960
506.396,1.105
506.400,1.285
506.404,1.455
506.408,1.540
506.412,1.545
506.416,1.550
506.420,1.575
506.424,1.570
506.428,1.530
506.432,1.480
506.436,1.435
506.440,1.380
506.444,1.295
506.448,1.215
506.452,1.170
506.456,1.105
506.460,1.010
506.464,0.900
506.468,0.825
506.472,0.745
506.476,0.600
506.480,0.420
506.484,0.275
506.488,0.135
506.492,-0.050
506.496,-0.245
506.500,-0.410
506.504,-0.540
506.508,-0.660
506.512,-0.770
506.516,-0.840
506.520,-0.835
506.524,-0.820
506.528,-0.800
506.532,-0.785
506.536,-0.730
506.540,-0.675
506.544,-0.635
506.548,-0.585
506.552,-0.495
506.556,-0.430
506.560,-0.425
506.564,-0.460
506.568,-0.435
506.572,-0.410
506.576,-0.400
506.580,-0.385
506.584,-0.315
506.588,-0.240
506.592,-0.160
506.596,-0.080
506.600,0.055
506.604,0.180
506.608,0.265
506.612,0.330
506.616,0.445
506.620,0.580
506.624,0.690
506.628,0.790
506.632,0.920
506.636,1.085
506.640,1.250
506.644,1.370
506.648,1.480
506.652,1.595
506.656,1.630
506.660,1.610
506.664,1.555
506.668,1.540
506.672,1.525
506.676,1.475
506.680,1.405
506.684,1.400
506.688,1.375
506.692,1.320
506.696,1.230
506.700,1.130
506.704,1.030
506.708,0.890
506.712,0.750
506.716,0.610
506.720,0.480
506.724,0.320
506.728,0.105
506.732,-0.100
506.736,-0.210
506.740,-0.305
506.744,-0.405
506.748,-0.510
506.752,-0.550
506.756,-0.575
506.760,-0.610
506.764,-0.650
506.768,-0.640
506.772,-0.630
506.776,-0.635
506.780,-0.650
506.784,-0.625
506.788,-0.600
506.792,-0.595
506.796,-0.605
506.800,-0.570
506.804,-0.525
506.808,-0.495
506.812,-0.485
506.816,-0.450
506.820,-0.385
506.824,-0.335
506.828,-0.300
506.832,-0.235
506.836,-0.120
506.840,0.005
506.844,0.105
506.848,0.200
506.852,0.340
506.856,0.470
506.860,0.575
506.864,0.670
506.868,0.810
506.872,0.950
506.876,1.065
506.880,1.145
506.884,1.260
506.888,1.355
506.892,1.365
506.896,1.335
506.900,1.315
506.904,1.280
506.908,1.205
506.912,1.110
506.916,1.055
506.920,1.030
506.924,0.980
506.928,0.915
506.932,0.820
506.936,0.740
506.940,0.630
506.944,0.495
506.948,0.355
506.952,0.260
506.956,0.140
506.960,-0.025
506.964,-0.205
506.968,-0.365
506.972,-0.520
506.976,-0.650
506.980,-0.770
506.984,-0.820
506.988,-0.840
506.992,-0.880
506.996,-0.925
507.000,-0.920
507.004,-0.895
507.008,-0.880
507.012,-0.900
507.016,-0.890
507.020,-0.855
507.024,-0.840
507.028,-0.860
507.032,-0.850
507.036,-0.815
507.040,-0.795
507.044,-0.800
507.048,-0.815
507.052,-0.785
507.056,-0.770
507.060,-0.750
507.064,-0.710
507.068,-0.605
507.072,-0.515
507.076,-0.445
507.080,-0.365
507.084,-0.250
507.088,-0.095
507.092,0.075
507.096,0.220
507.100,0.390
507.104,0.545
507.108,0.665
507.112,0.740
507.116,0.830
507.120,0.955
507.124,1.025
507.128,1.040
507.132,1.055
507.136,1.095
507.140,1.120
507.144,1.100
507.148,1.045
507.152,1.020
507.156,0.980
507.160,0.900
507.164,0.810
507.168,0.750
507.172,0.675
507.176,0.580
507.180,0.445
507.184,0.365
507.188,0.260
507.192,0.105
507.196,-0.070
507.200,-0.195
507.204,-0.330
507.208,-0.470
507.212,-0.605
507.216,-0.690
507.220,-0.725
507.224,-0.760
507.228,-0.805
507.232,-0.815
507.236,-0.790
507.240,-0.765
507.244,-0.760
507.248,-0.765
507.252,-0.720
507.256,-0.685
507.260,-0.675
507.264,-0.670
507.268,-0.625
507.272,-0.575
507.276,-0.550
507.280,-0.535
507.284,-0.475
507.288,-0.415
507.292,-0.375
507.296,-0.345
507.300,-0.280
507.304,-0.200
507.308,-0.145
507.312,-0.110
507.316,-0.045
507.320,0.060
507.324,0.155
507.328,0.240
507.332,0.360
507.336,0.525
507.340,0.670
507.344,0.800
507.348,0.930
507.352,1.080
507.356,1.205
507.360,1.280
507.364,1.335
507.368,1.405
507.372,1.460
507.376,1.470
507.380,1.455
507.384,1.470
507.388,1.500
507.392,1.500
507.396,1.440
507.400,1.415
507.404,1.400
507.408,1.385
507.412,1.335
507.416,1.325
507.420,1.340
507.424,1.310
507.428,1.215
507.432,1.120
507.436,0.995
507.440,0.825
507.444,0.630
507.448,0.445
507.452,0.315
507.456,0.180
507.460,0.030
507.464,-0.125
507.468,-0.205
507.472,-0.285
507.476,-0.355
507.480,-0.410
507.484,-0.385
507.488,-0.335
507.492,-0.290
507.496,-0.270
507.500,-0.205
507.504,-0.115
507.508,-0.045
507.512,0.025
507.516,0.095
507.520,0.190
507.524,0.270
507.528,0.335
507.532,0.400
507.536,0.510
507.540,0.595
507.544,0.665
507.548,0.735
507.552,0.845
507.556,0.955
507.560,1.025
507.564,1.070
507.568,1.165
507.572,1.255
507.576,1.315
507.580,1.355
507.584,1.460
507.588,1.575
507.592,1.650
507.596,1.690
507.600,1.750
507.604,1.790
507.608,1.800
507.612,1.760
507.616,1.740
507.620,1.760
507.624,1.800
507.628,1.835
507.632,1.870
507.636,1.920
507.640,1.895
507.644,1.850
507.648,1.805
507.652,1.820
507.656,1.805
507.660,1.700
507.664,1.545
507.668,1.415
507.672,1.270
507.676,1.090
507.680,0.935
507.684,0.825
507.688,0.730
507.692,0.635
507.696,0.550
507.700,0.515
507.704,0.505
507.708,0.475
507.712,0.435
507.716,0.425
507.720,0.445
507.724,0.435
507.728,0.420
507.732,0.440
507.736,0.485
507.740,0.490
507.744,0.500
507.748,0.505
507.752,0.540
507.756,0.580
507.760,0.590
507.764,0.585
507.768,0.635
507.772,0.675
507.776,0.690
507.780,0.690
507.784,0.735
507.788,0.760
507.792,0.755
507.796,0.725
507.800,0.745
507.804,0.770
507.808,0.785
507.812,0.775
507.816,0.800
507.820,0.840
507.824,0.870
507.828,0.860
507.832,0.855
507.836,0.875
507.840,0.910
507.844,0.920
507.848,0.910
507.852,0.925
507.856,0.930
507.860,0.900
507.864,0.865
507.868,0.840
507.872,0.785
507.876,0.700
507.880,0.590
507.884,0.545
507.888,0.495
507.892,0.405
507.896,0.280
507.900,0.185
507.904,0.095
507.908,-0.050
507.912,-0.200
507.916,-0.305
507.920,-0.395
507.924,-0.495
507.928,-0.625
507.932,-0.720
507.936,-0.770
507.940,-0.835
507.944,-0.905
507.948,-0.950
507.952,-0.945
507.956,-0.945
507.960,-0.960
507.964,-0.975
507.968,-0.930
507.972,-0.890
507.976,-0.845
507.980,-0.830
507.984,-0.765
507.988,-0.705
507.992,-0.665
507.996,-0.655
508.000,-0.595
508.004,-0.525
508.008,-0.465
508.012,-0.425
508.016,-0.340
508.020,-0.240
508.024,-0.155
508.028,-0.100
508.032,-0.035
508.036,0.060
508.040,0.135
508.044,0.195
508.048,0.245
508.052,0.330
508.056,0.410
508.060,0.445
508.064,0.460
508.068,0.490
508.072,0.490
508.076,0.450
508.080,0.400
508.084,0.380
508.088,0.365
508.092,0.340
508.096,0.315
508.100,0.340
508.104,0.390
508.108,0.385
508.112,0.330
508.116,0.295
508.120,0.265
508.124,0.220
508.128,0.170
508.132,0.115
508.136,0.100
508.140,0.075
508.144,0.010
508.148,-0.080
508.152,-0.125
508.156,-0.165
508.160,-0.225
508.164,-0.290
508.168,-0.305
508.172,-0.320
508.176,-0.360
508.180,-0.430
508.184,-0.480
508.188,-0.530
508.192,-0.600
508.196,-0.680
508.200,-0.675
508.204,-0.655
508.208,-0.665
508.212,-0.690
508.216,-0.665
508.220,-0.625
508.224,-0.605
508.228,-0.605
508.232,-0.575
508.236,-0.500
508.240,-0.435
508.244,-0.375
508.248,-0.290
508.252,-0.160
508.256,-0.040
508.260,0.090
508.264,0.215
508.268,0.390
508.272,0.575
508.276,0.725
508.280,1.355
508.284,4.340
508.288,4.735
508.292,4.480
508.296,4.015
508.300,3.155
508.304,2.700
508.308,2.840
508.312,2.755
508.316,2.200
508.320,1.730
508.324,1.660
508.328,1.580
508.332,1.235
508.336,0.940
508.340,0.935
508.344,1.020
508.348,0.900
508.352,0.690
508.356,0.595
508.360,0.570
508.364,0.430
508.368,0.220
508.372,0.075
508.376,0.025
508.380,-0.100
508.384,-0.240
508.388,-0.340
508.392,-0.360
508.396,-0.410
508.400,-0.465
508.404,-0.505
508.408,-0.515
508.412,-0.535
508.416,-0.560
508.420,-0.565
508.424,-0.565
508.428,-0.580
508.432,-0.600
508.436,-0.575
508.440,-0.580
508.444,-0.620
508.448,-0.700
508.452,-0.740
508.456,-0.710
508.460,-0.650
508.464,-0.600
508.468,-0.515
508.472,-0.420
508.476,-0.335
508.480,-0.265
508.484,-0.160
508.488,-0.070
508.492,0.010
508.496,0.070
508.500,0.160
508.504,0.270
508.508,0.355
508.512,0.445
508.516,0.580
508.520,0.730
508.524,0.835
508.528,0.910
508.532,0.990
508.536,1.105
508.540,1.210
508.544,1.275
508.548,1.310
508.552,1.370
508.556,1.400
508.560,1.380
508.564,1.315
508.568,1.305
508.572,1.275
508.576,1.230
508.580,1.170
508.584,1.155
508.588,1.130
508.592,1.090
508.596,1.040
508.600,1.030
508.604,0.985
508.608,0.890
508.612,0.780
508.616,0.700
508.620,0.605
508.624,0.495
508.628,0.350
508.632,0.235
508.636,0.180
508.640,0.135
508.644,0.085
508.648,0.015
508.652,-0.040
508.656,-0.085
508.660,-0.140
508.664,-0.180
508.668,-0.185
508.672,-0.185
508.676,-0.210
508.680,-0.275
508.684,-0.270
508.688,-0.240
508.692,-0.210
508.696,-0.155
508.700,-0.065
508.704,0.060
508.708,0.150
508.712,0.215
508.716,0.315
508.720,0.430
508.724,0.525
508.728,0.600
508.732,0.710
508.736,0.835
508.740,0.930
508.744,0.985
508.748,1.040
508.752,1.130
508.756,1.205
508.760,1.270
508.764,1.330
508.768,1.440
508.772,1.535
508.776,1.585
508.780,1.580
508.784,1.615
508.788,1.630
508.792,1.610
508.796,1.555
508.800,1.520
508.804,1.500
508.808,1.460
508.812,1.385
508.816,1.340
508.820,1.285
508.824,1.235
508.828,1.170
508.832,1.135
508.836,1.125
508.840,1.110
508.844,1.065
508.848,1.000
508.852,0.970
508.856,0.905
508.860,0.805
508.864,0.710
508.868,0.670
508.872,0.630
508.876,0.565
508.880,0.500
508.884,0.485
508.888,0.450
508.892,0.395
508.896,0.305
508.900,0.230
508.904,0.155
508.908,0.060
508.912,-0.040
508.916,-0.080
508.920,-0.100
508.924,-0.145
